sex,x_log_wage,density,median_log_wage,gap_low,gap_high
Male,0.6931471805599453,0.02974268894235952,2.302585092994046,2.21375387928743,2.302585092994046
Male,0.7050669827546587,0.03377260049164579,2.302585092994046,2.21375387928743,2.302585092994046
Male,0.7169867849493722,0.037447285742699954,2.302585092994046,2.21375387928743,2.302585092994046
Male,0.7289065871440857,0.04055550459509185,2.302585092994046,2.21375387928743,2.302585092994046
Male,0.7408263893387992,0.042918103152084414,2.302585092994046,2.21375387928743,2.302585092994046
Male,0.7527461915335126,0.04441115453635386,2.302585092994046,2.21375387928743,2.302585092994046
Male,0.7646659937282261,0.044982797584633444,2.302585092994046,2.21375387928743,2.302585092994046
Male,0.7765857959229396,0.044660333204278986,2.302585092994046,2.21375387928743,2.302585092994046
Male,0.7885055981176531,0.04354591131796671,2.302585092994046,2.21375387928743,2.302585092994046
Male,0.8004254003123665,0.041801405959219065,2.302585092994046,2.21375387928743,2.302585092994046
Male,0.81234520250708,0.03962526305284472,2.302585092994046,2.21375387928743,2.302585092994046
Male,0.8242650047017934,0.03722565381964021,2.302585092994046,2.21375387928743,2.302585092994046
Male,0.836184806896507,0.034794798527192604,2.302585092994046,2.21375387928743,2.302585092994046
Male,0.8481046090912204,0.03248875501587534,2.302585092994046,2.21375387928743,2.302585092994046
Male,0.8600244112859339,0.030415509375462342,2.302585092994046,2.21375387928743,2.302585092994046
Male,0.8719442134806474,0.028632289915363086,2.302585092994046,2.21375387928743,2.302585092994046
Male,0.8838640156753609,0.02715114570833534,2.302585092994046,2.21375387928743,2.302585092994046
Male,0.8957838178700743,0.025950406698101763,2.302585092994046,2.21375387928743,2.302585092994046
Male,0.9077036200647878,0.024988918570624002,2.302585092994046,2.21375387928743,2.302585092994046
Male,0.9196234222595012,0.02421996242318249,2.302585092994046,2.21375387928743,2.302585092994046
Male,0.9315432244542148,0.023602392733212303,2.302585092994046,2.21375387928743,2.302585092994046
Male,0.9434630266489282,0.02310751709099703,2.302585092994046,2.21375387928743,2.302585092994046
Male,0.9553828288436417,0.022721328587417242,2.302585092994046,2.21375387928743,2.302585092994046
Male,0.9673026310383552,0.022442653559239828,2.302585092994046,2.21375387928743,2.302585092994046
Male,0.9792224332330686,0.022278437441464623,2.302585092994046,2.21375387928743,2.302585092994046
Male,0.9911422354277821,0.022237695271130464,2.302585092994046,2.21375387928743,2.302585092994046
Male,1.0030620376224957,0.022325620046871088,2.302585092994046,2.21375387928743,2.302585092994046
Male,1.014981839817209,0.02253905036832494,2.302585092994046,2.21375387928743,2.302585092994046
Male,1.0269016420119226,0.022864055499224233,2.302585092994046,2.21375387928743,2.302585092994046
Male,1.038821444206636,0.023275906893580632,2.302585092994046,2.21375387928743,2.302585092994046
Male,1.0507412464013495,0.0237412545089873,2.302585092994046,2.21375387928743,2.302585092994046
Male,1.062661048596063,0.02422196923362753,2.302585092994046,2.21375387928743,2.302585092994046
Male,1.0745808507907764,0.02467987947641418,2.302585092994046,2.21375387928743,2.302585092994046
Male,1.08650065298549,0.025081533622247024,2.302585092994046,2.21375387928743,2.302585092994046
Male,1.0984204551802033,0.025402163564686896,2.302585092994046,2.21375387928743,2.302585092994046
Male,1.1103402573749168,0.025628200805317036,2.302585092994046,2.21375387928743,2.302585092994046
Male,1.1222600595696304,0.02575798330656954,2.302585092994046,2.21375387928743,2.302585092994046
Male,1.1341798617643437,0.025800645167459238,2.302585092994046,2.21375387928743,2.302585092994046
Male,1.1460996639590573,0.02577353842045908,2.302585092994046,2.21375387928743,2.302585092994046
Male,1.1580194661537706,0.025698822274413745,2.302585092994046,2.21375387928743,2.302585092994046
Male,1.1699392683484842,0.025600002858641936,2.302585092994046,2.21375387928743,2.302585092994046
Male,1.1818590705431977,0.025499176665083178,2.302585092994046,2.21375387928743,2.302585092994046
Male,1.1937788727379113,0.025415526463810106,2.302585092994046,2.21375387928743,2.302585092994046
Male,1.2056986749326246,0.02536528722863054,2.302585092994046,2.21375387928743,2.302585092994046
Male,1.217618477127338,0.025363022603370377,2.302585092994046,2.21375387928743,2.302585092994046
Male,1.2295382793220515,0.02542372224017941,2.302585092994046,2.21375387928743,2.302585092994046
Male,1.241458081516765,0.02556502601663116,2.302585092994046,2.21375387928743,2.302585092994046
Male,1.2533778837114786,0.02580884790203766,2.302585092994046,2.21375387928743,2.302585092994046
Male,1.265297685906192,0.026181811756791094,2.302585092994046,2.21375387928743,2.302585092994046
Male,1.2772174881009053,0.02671418488883386,2.302585092994046,2.21375387928743,2.302585092994046
Male,1.2891372902956189,0.02743733772426398,2.302585092994046,2.21375387928743,2.302585092994046
Male,1.3010570924903324,0.02838009788120722,2.302585092994046,2.21375387928743,2.302585092994046
Male,1.312976894685046,0.029564644835842546,2.302585092994046,2.21375387928743,2.302585092994046
Male,1.3248966968797593,0.031002771658741813,2.302585092994046,2.21375387928743,2.302585092994046
Male,1.3368164990744729,0.032693412650037335,2.302585092994046,2.21375387928743,2.302585092994046
Male,1.3487363012691862,0.034622306817320356,2.302585092994046,2.21375387928743,2.302585092994046
Male,1.3606561034638998,0.03676454741000487,2.302585092994046,2.21375387928743,2.302585092994046
Male,1.3725759056586133,0.03909055940380349,2.302585092994046,2.21375387928743,2.302585092994046
Male,1.3844957078533269,0.04157573981057047,2.302585092994046,2.21375387928743,2.302585092994046
Male,1.3964155100480402,0.044213573597288294,2.302585092994046,2.21375387928743,2.302585092994046
Male,1.4083353122427535,0.04703149262001371,2.302585092994046,2.21375387928743,2.302585092994046
Male,1.420255114437467,0.050108093155239695,2.302585092994046,2.21375387928743,2.302585092994046
Male,1.4321749166321807,0.0535896238177826,2.302585092994046,2.21375387928743,2.302585092994046
Male,1.4440947188268942,0.05770299602926326,2.302585092994046,2.21375387928743,2.302585092994046
Male,1.4560145210216076,0.06276208704539926,2.302585092994046,2.21375387928743,2.302585092994046
Male,1.467934323216321,0.06916396095216222,2.302585092994046,2.21375387928743,2.302585092994046
Male,1.4798541254110344,0.0773719976837401,2.302585092994046,2.21375387928743,2.302585092994046
Male,1.491773927605748,0.08788395291603268,2.302585092994046,2.21375387928743,2.302585092994046
Male,1.5036937298004616,0.10118477652799802,2.302585092994046,2.21375387928743,2.302585092994046
Male,1.515613531995175,0.1176865772546603,2.302585092994046,2.21375387928743,2.302585092994046
Male,1.5275333341898882,0.13766121826908334,2.302585092994046,2.21375387928743,2.302585092994046
Male,1.5394531363846018,0.1611741808628463,2.302585092994046,2.21375387928743,2.302585092994046
Male,1.5513729385793154,0.18803079850543739,2.302585092994046,2.21375387928743,2.302585092994046
Male,1.563292740774029,0.21774685260494242,2.302585092994046,2.21375387928743,2.302585092994046
Male,1.5752125429687422,0.24955403660760067,2.302585092994046,2.21375387928743,2.302585092994046
Male,1.5871323451634558,0.2824465423470764,2.302585092994046,2.21375387928743,2.302585092994046
Male,1.5990521473581691,0.3152682924235371,2.302585092994046,2.21375387928743,2.302585092994046
Male,1.6109719495528827,0.3468322309952928,2.302585092994046,2.21375387928743,2.302585092994046
Male,1.6228917517475963,0.3760553557593246,2.302585092994046,2.21375387928743,2.302585092994046
Male,1.6348115539423098,0.40208784809559156,2.302585092994046,2.21375387928743,2.302585092994046
Male,1.6467313561370232,0.4244134406628731,2.302585092994046,2.21375387928743,2.302585092994046
Male,1.6586511583317365,0.442901878085558,2.302585092994046,2.21375387928743,2.302585092994046
Male,1.67057096052645,0.45780257959568665,2.302585092994046,2.21375387928743,2.302585092994046
Male,1.6824907627211636,0.46967978753420314,2.302585092994046,2.21375387928743,2.302585092994046
Male,1.6944105649158772,0.4793011186047244,2.302585092994046,2.21375387928743,2.302585092994046
Male,1.7063303671105903,0.48750083656602494,2.302585092994046,2.21375387928743,2.302585092994046
Male,1.7182501693053038,0.49504411265799825,2.302585092994046,2.21375387928743,2.302585092994046
Male,1.7301699715000174,0.5025178416684528,2.302585092994046,2.21375387928743,2.302585092994046
Male,1.742089773694731,0.5102673721606361,2.302585092994046,2.21375387928743,2.302585092994046
Male,1.7540095758894445,0.5183882163401785,2.302585092994046,2.21375387928743,2.302585092994046
Male,1.765929378084158,0.5267698033778436,2.302585092994046,2.21375387928743,2.302585092994046
Male,1.7778491802788712,0.5351773838087961,2.302585092994046,2.21375387928743,2.302585092994046
Male,1.7897689824735847,0.5433507546916342,2.302585092994046,2.21375387928743,2.302585092994046
Male,1.8016887846682983,0.551096152020912,2.302585092994046,2.21375387928743,2.302585092994046
Male,1.8136085868630119,0.5583507912649943,2.302585092994046,2.21375387928743,2.302585092994046
Male,1.8255283890577254,0.5652071625533736,2.302585092994046,2.21375387928743,2.302585092994046
Male,1.8374481912524385,0.5718943132454128,2.302585092994046,2.21375387928743,2.302585092994046
Male,1.849367993447152,0.5787235009142699,2.302585092994046,2.21375387928743,2.302585092994046
Male,1.8612877956418656,0.5860134411331497,2.302585092994046,2.21375387928743,2.302585092994046
Male,1.8732075978365792,0.5940142555815144,2.302585092994046,2.21375387928743,2.302585092994046
Male,1.8851274000312928,0.6028484944207128,2.302585092994046,2.21375387928743,2.302585092994046
Male,1.8970472022260059,0.6124826638635251,2.302585092994046,2.21375387928743,2.302585092994046
Male,1.9089670044207194,0.6227348234547835,2.302585092994046,2.21375387928743,2.302585092994046
Male,1.920886806615433,0.6333148935490179,2.302585092994046,2.21375387928743,2.302585092994046
Male,1.9328066088101465,0.6438863945446006,2.302585092994046,2.21375387928743,2.302585092994046
Male,1.94472641100486,0.6541332802148736,2.302585092994046,2.21375387928743,2.302585092994046
Male,1.9566462131995732,0.6638145813951052,2.302585092994046,2.21375387928743,2.302585092994046
Male,1.9685660153942868,0.6727930722439842,2.302585092994046,2.21375387928743,2.302585092994046
Male,1.9804858175890003,0.6810313463149001,2.302585092994046,2.21375387928743,2.302585092994046
Male,1.9924056197837139,0.6885577696893161,2.302585092994046,2.21375387928743,2.302585092994046
Male,2.0043254219784274,0.695413352948057,2.302585092994046,2.21375387928743,2.302585092994046
Male,2.016245224173141,0.7015962271889005,2.302585092994046,2.21375387928743,2.302585092994046
Male,2.028165026367854,0.7070213956909842,2.302585092994046,2.21375387928743,2.302585092994046
Male,2.0400848285625677,0.7115093209187197,2.302585092994046,2.21375387928743,2.302585092994046
Male,2.0520046307572812,0.7148087752055386,2.302585092994046,2.21375387928743,2.302585092994046
Male,2.063924432951995,0.716649588492228,2.302585092994046,2.21375387928743,2.302585092994046
Male,2.0758442351467083,0.7168124055966615,2.302585092994046,2.21375387928743,2.302585092994046
Male,2.0877640373414215,0.7151978889810802,2.302585092994046,2.21375387928743,2.302585092994046
Male,2.099683839536135,0.7118782910495699,2.302585092994046,2.21375387928743,2.302585092994046
Male,2.1116036417308486,0.7071195617614288,2.302585092994046,2.21375387928743,2.302585092994046
Male,2.123523443925562,0.7013701488309135,2.302585092994046,2.21375387928743,2.302585092994046
Male,2.1354432461202757,0.6952205415750526,2.302585092994046,2.21375387928743,2.302585092994046
Male,2.147363048314989,0.689342816347853,2.302585092994046,2.21375387928743,2.302585092994046
Male,2.1592828505097024,0.684420652510984,2.302585092994046,2.21375387928743,2.302585092994046
Male,2.171202652704416,0.6810779813331056,2.302585092994046,2.21375387928743,2.302585092994046
Male,2.1831224548991295,0.6798106150441714,2.302585092994046,2.21375387928743,2.302585092994046
Male,2.195042257093843,0.6809224675986293,2.302585092994046,2.21375387928743,2.302585092994046
Male,2.206962059288556,0.6844682285007013,2.302585092994046,2.21375387928743,2.302585092994046
Male,2.2188818614832697,0.690207796453693,2.302585092994046,2.21375387928743,2.302585092994046
Male,2.2308016636779833,0.6975826604314376,2.302585092994046,2.21375387928743,2.302585092994046
Male,2.242721465872697,0.7057276608865715,2.302585092994046,2.21375387928743,2.302585092994046
Male,2.2546412680674104,0.7135301639043314,2.302585092994046,2.21375387928743,2.302585092994046
Male,2.2665610702621235,0.7197412021709904,2.302585092994046,2.21375387928743,2.302585092994046
Male,2.278480872456837,0.7231306835553043,2.302585092994046,2.21375387928743,2.302585092994046
Male,2.2904006746515506,0.7226648983590681,2.302585092994046,2.21375387928743,2.302585092994046
Male,2.302320476846264,0.7176740881348571,2.302585092994046,2.21375387928743,2.302585092994046
Male,2.3142402790409777,0.7079749972977963,2.302585092994046,2.21375387928743,2.302585092994046
Male,2.3261600812356913,0.6939200031802405,2.302585092994046,2.21375387928743,2.302585092994046
Male,2.3380798834304044,0.676359292652216,2.302585092994046,2.21375387928743,2.302585092994046
Male,2.349999685625118,0.6565214908689914,2.302585092994046,2.21375387928743,2.302585092994046
Male,2.3619194878198315,0.6358356980967278,2.302585092994046,2.21375387928743,2.302585092994046
Male,2.373839290014545,0.6157292424389621,2.302585092994046,2.21375387928743,2.302585092994046
Male,2.3857590922092586,0.5974380412496316,2.302585092994046,2.21375387928743,2.302585092994046
Male,2.3976788944039717,0.5818605845355009,2.302585092994046,2.21375387928743,2.302585092994046
Male,2.4095986965986853,0.5694748869516228,2.302585092994046,2.21375387928743,2.302585092994046
Male,2.421518498793399,0.5603240804275944,2.302585092994046,2.21375387928743,2.302585092994046
Male,2.4334383009881124,0.554064100451403,2.302585092994046,2.21375387928743,2.302585092994046
Male,2.445358103182826,0.5500583288619738,2.302585092994046,2.21375387928743,2.302585092994046
Male,2.457277905377539,0.5474997306223918,2.302585092994046,2.21375387928743,2.302585092994046
Male,2.4691977075722527,0.5455404408592517,2.302585092994046,2.21375387928743,2.302585092994046
Male,2.481117509766966,0.5434108962452547,2.302585092994046,2.21375387928743,2.302585092994046
Male,2.4930373119616798,0.5405144720321594,2.302585092994046,2.21375387928743,2.302585092994046
Male,2.5049571141563933,0.5364884478121306,2.302585092994046,2.21375387928743,2.302585092994046
Male,2.5168769163511064,0.5312274274053369,2.302585092994046,2.21375387928743,2.302585092994046
Male,2.52879671854582,0.5248705315704871,2.302585092994046,2.21375387928743,2.302585092994046
Male,2.5407165207405336,0.5177581405581436,2.302585092994046,2.21375387928743,2.302585092994046
Male,2.552636322935247,0.5103670820508378,2.302585092994046,2.21375387928743,2.302585092994046
Male,2.5645561251299607,0.5032345653691569,2.302585092994046,2.21375387928743,2.302585092994046
Male,2.5764759273246742,0.4968808873516062,2.302585092994046,2.21375387928743,2.302585092994046
Male,2.5883957295193873,0.49173942697110595,2.302585092994046,2.21375387928743,2.302585092994046
Male,2.600315531714101,0.4881003857336012,2.302585092994046,2.21375387928743,2.302585092994046
Male,2.6122353339088145,0.4860727424693753,2.302585092994046,2.21375387928743,2.302585092994046
Male,2.624155136103528,0.4855672835085144,2.302585092994046,2.21375387928743,2.302585092994046
Male,2.6360749382982416,0.48630224300600017,2.302585092994046,2.21375387928743,2.302585092994046
Male,2.6479947404929547,0.4878316490837217,2.302585092994046,2.21375387928743,2.302585092994046
Male,2.6599145426876682,0.48959450133410154,2.302585092994046,2.21375387928743,2.302585092994046
Male,2.671834344882382,0.490980265151189,2.302585092994046,2.21375387928743,2.302585092994046
Male,2.6837541470770954,0.491403189524492,2.302585092994046,2.21375387928743,2.302585092994046
Male,2.695673949271809,0.4903754154683855,2.302585092994046,2.21375387928743,2.302585092994046
Male,2.7075937514665225,0.48756771572923985,2.302585092994046,2.21375387928743,2.302585092994046
Male,2.7195135536612356,0.48284776930661083,2.302585092994046,2.21375387928743,2.302585092994046
Male,2.731433355855949,0.4762893317519471,2.302585092994046,2.21375387928743,2.302585092994046
Male,2.7433531580506627,0.4681509587447762,2.302585092994046,2.21375387928743,2.302585092994046
Male,2.7552729602453763,0.45882885634960807,2.302585092994046,2.21375387928743,2.302585092994046
Male,2.76719276244009,0.4487934460929474,2.302585092994046,2.21375387928743,2.302585092994046
Male,2.7791125646348034,0.4385220220361772,2.302585092994046,2.21375387928743,2.302585092994046
Male,2.7910323668295165,0.42843974770787346,2.302585092994046,2.21375387928743,2.302585092994046
Male,2.80295216902423,0.41887834078470376,2.302585092994046,2.21375387928743,2.302585092994046
Male,2.8148719712189436,0.41005702482414097,2.302585092994046,2.21375387928743,2.302585092994046
Male,2.826791773413657,0.4020850218343975,2.302585092994046,2.21375387928743,2.302585092994046
Male,2.8387115756083707,0.3949803570080223,2.302585092994046,2.21375387928743,2.302585092994046
Male,2.850631377803084,0.38869703417377865,2.302585092994046,2.21375387928743,2.302585092994046
Male,2.8625511799977974,0.3831521519369221,2.302585092994046,2.21375387928743,2.302585092994046
Male,2.874470982192511,0.37824613170046556,2.302585092994046,2.21375387928743,2.302585092994046
Male,2.8863907843872245,0.3738723339108224,2.302585092994046,2.21375387928743,2.302585092994046
Male,2.898310586581938,0.36991608969865625,2.302585092994046,2.21375387928743,2.302585092994046
Male,2.910230388776651,0.3662466288436086,2.302585092994046,2.21375387928743,2.302585092994046
Male,2.9221501909713647,0.3627076913075083,2.302585092994046,2.21375387928743,2.302585092994046
Male,2.9340699931660783,0.3591131767784358,2.302585092994046,2.21375387928743,2.302585092994046
Male,2.945989795360792,0.3552528284585779,2.302585092994046,2.21375387928743,2.302585092994046
Male,2.9579095975555054,0.3509099734988532,2.302585092994046,2.21375387928743,2.302585092994046
Male,2.9698293997502185,0.3458895386625785,2.302585092994046,2.21375387928743,2.302585092994046
Male,2.981749201944932,0.3400510167507683,2.302585092994046,2.21375387928743,2.302585092994046
Male,2.9936690041396457,0.33333886645812827,2.302585092994046,2.21375387928743,2.302585092994046
Male,3.005588806334359,0.3258027165606196,2.302585092994046,2.21375387928743,2.302585092994046
Male,3.0175086085290728,0.31760181198122067,2.302585092994046,2.21375387928743,2.302585092994046
Male,3.029428410723786,0.30899177912524645,2.302585092994046,2.21375387928743,2.302585092994046
Male,3.0413482129184994,0.30029588214831754,2.302585092994046,2.21375387928743,2.302585092994046
Male,3.053268015113213,0.29186624932913585,2.302585092994046,2.21375387928743,2.302585092994046
Male,3.0651878173079266,0.28404215033231167,2.302585092994046,2.21375387928743,2.302585092994046
Male,3.07710761950264,0.2771120219099417,2.302585092994046,2.21375387928743,2.302585092994046
Male,3.0890274216973537,0.2712839944609337,2.302585092994046,2.21375387928743,2.302585092994046
Male,3.100947223892067,0.2666670741002174,2.302585092994046,2.21375387928743,2.302585092994046
Male,3.1128670260867803,0.26326288446039714,2.302585092994046,2.21375387928743,2.302585092994046
Male,3.124786828281494,0.260966655371561,2.302585092994046,2.21375387928743,2.302585092994046
Male,3.1367066304762075,0.25957608792235426,2.302585092994046,2.21375387928743,2.302585092994046
Male,3.148626432670921,0.25880739940831576,2.302585092994046,2.21375387928743,2.302585092994046
Male,3.160546234865634,0.2583185170284032,2.302585092994046,2.21375387928743,2.302585092994046
Male,3.1724660370603477,0.25773935619120447,2.302585092994046,2.21375387928743,2.302585092994046
Male,3.1843858392550612,0.2567080756777358,2.302585092994046,2.21375387928743,2.302585092994046
Male,3.196305641449775,0.25491036764400027,2.302585092994046,2.21375387928743,2.302585092994046
Male,3.2082254436444884,0.25211689060000886,2.302585092994046,2.21375387928743,2.302585092994046
Male,3.2201452458392015,0.2482127457262344,2.302585092994046,2.21375387928743,2.302585092994046
Male,3.232065048033915,0.243213118259781,2.302585092994046,2.21375387928743,2.302585092994046
Male,3.2439848502286286,0.23726108313598512,2.302585092994046,2.21375387928743,2.302585092994046
Male,3.255904652423342,0.23060676347161313,2.302585092994046,2.21375387928743,2.302585092994046
Male,3.2678244546180557,0.2235707244116094,2.302585092994046,2.21375387928743,2.302585092994046
Male,3.279744256812769,0.2164976904580677,2.302585092994046,2.21375387928743,2.302585092994046
Male,3.2916640590074824,0.20970854744502465,2.302585092994046,2.21375387928743,2.302585092994046
Male,3.303583861202196,0.20345869686998905,2.302585092994046,2.21375387928743,2.302585092994046
Male,3.3155036633969095,0.1979092462094243,2.302585092994046,2.21375387928743,2.302585092994046
Male,3.327423465591623,0.19311475019620794,2.302585092994046,2.21375387928743,2.302585092994046
Male,3.3393432677863366,0.18902799659259836,2.302585092994046,2.21375387928743,2.302585092994046
Male,3.3512630699810497,0.185519377374472,2.302585092994046,2.21375387928743,2.302585092994046
Male,3.3631828721757633,0.18240623382947427,2.302585092994046,2.21375387928743,2.302585092994046
Male,3.375102674370477,0.17948647465919926,2.302585092994046,2.21375387928743,2.302585092994046
Male,3.3870224765651904,0.17657075184800305,2.302585092994046,2.21375387928743,2.302585092994046
Male,3.398942278759904,0.1735083743542318,2.302585092994046,2.21375387928743,2.302585092994046
Male,3.410862080954617,0.17020368223172913,2.302585092994046,2.21375387928743,2.302585092994046
Male,3.4227818831493306,0.16662149253806416,2.302585092994046,2.21375387928743,2.302585092994046
Male,3.434701685344044,0.16278215571050925,2.302585092994046,2.21375387928743,2.302585092994046
Male,3.4466214875387577,0.15874843356303614,2.302585092994046,2.21375387928743,2.302585092994046
Male,3.4585412897334713,0.15460757451660997,2.302585092994046,2.21375387928743,2.302585092994046
Male,3.4704610919281844,0.15045244200468053,2.302585092994046,2.21375387928743,2.302585092994046
Male,3.482380894122898,0.1463652876660188,2.302585092994046,2.21375387928743,2.302585092994046
Male,3.4943006963176115,0.14240683042606833,2.302585092994046,2.21375387928743,2.302585092994046
Male,3.506220498512325,0.13861191736309939,2.302585092994046,2.21375387928743,2.302585092994046
Male,3.5181403007070386,0.13499150745047905,2.302585092994046,2.21375387928743,2.302585092994046
Male,3.5300601029017518,0.13153936858943815,2.302585092994046,2.21375387928743,2.302585092994046
Male,3.5419799050964653,0.12824099964975372,2.302585092994046,2.21375387928743,2.302585092994046
Male,3.553899707291179,0.12508205880606774,2.302585092994046,2.21375387928743,2.302585092994046
Male,3.5658195094858924,0.12205402097776061,2.302585092994046,2.21375387928743,2.302585092994046
Male,3.577739311680606,0.11915576550015143,2.302585092994046,2.21375387928743,2.302585092994046
Male,3.589659113875319,0.11639104767536557,2.302585092994046,2.21375387928743,2.302585092994046
Male,3.6015789160700327,0.11376300792956257,2.302585092994046,2.21375387928743,2.302585092994046
Male,3.6134987182647462,0.11126771081385642,2.302585092994046,2.21375387928743,2.302585092994046
Male,3.62541852045946,0.10888897109804736,2.302585092994046,2.21375387928743,2.302585092994046
Male,3.6373383226541733,0.10659635724091739,2.302585092994046,2.21375387928743,2.302585092994046
Male,3.649258124848887,0.10434737461825308,2.302585092994046,2.21375387928743,2.302585092994046
Male,3.6611779270436,0.10209367220579514,2.302585092994046,2.21375387928743,2.302585092994046
Male,3.6730977292383136,0.09979000648315188,2.302585092994046,2.21375387928743,2.302585092994046
Male,3.685017531433027,0.09740393416651892,2.302585092994046,2.21375387928743,2.302585092994046
Male,3.6969373336277407,0.09492398544990951,2.302585092994046,2.21375387928743,2.302585092994046
Male,3.7088571358224542,0.09236442854634606,2.302585092994046,2.21375387928743,2.302585092994046
Male,3.7207769380171674,0.08976554793804184,2.302585092994046,2.21375387928743,2.302585092994046
Male,3.732696740211881,0.08718937686436751,2.302585092994046,2.21375387928743,2.302585092994046
Male,3.7446165424065945,0.08471176352340834,2.302585092994046,2.21375387928743,2.302585092994046
Male,3.756536344601308,0.0824122747853548,2.302585092994046,2.21375387928743,2.302585092994046
Male,3.7684561467960216,0.08036363564871238,2.302585092994046,2.21375387928743,2.302585092994046
Male,3.7803759489907347,0.0786221983387584,2.302585092994046,2.21375387928743,2.302585092994046
Male,3.7922957511854483,0.07722048311315996,2.302585092994046,2.21375387928743,2.302585092994046
Male,3.804215553380162,0.07616233667351106,2.302585092994046,2.21375387928743,2.302585092994046
Male,3.8161353555748754,0.0754208849979854,2.302585092994046,2.21375387928743,2.302585092994046
Male,3.828055157769589,0.07493928894863643,2.302585092994046,2.21375387928743,2.302585092994046
Male,3.839974959964302,0.07463429686408424,2.302585092994046,2.21375387928743,2.302585092994046
Male,3.8518947621590156,0.07440259376355478,2.302585092994046,2.21375387928743,2.302585092994046
Male,3.863814564353729,0.07412982045418992,2.302585092994046,2.21375387928743,2.302585092994046
Male,3.8757343665484427,0.07370179173749802,2.302585092994046,2.21375387928743,2.302585092994046
Male,3.8876541687431563,0.07301691578605797,2.302585092994046,2.21375387928743,2.302585092994046
Male,3.89957397093787,0.07199826451648343,2.302585092994046,2.21375387928743,2.302585092994046
Male,3.911493773132583,0.07060339326304534,2.302585092994046,2.21375387928743,2.302585092994046
Male,3.9234135753272965,0.06883005891045334,2.302585092994046,2.21375387928743,2.302585092994046
Male,3.93533337752201,0.0667165256572097,2.302585092994046,2.21375387928743,2.302585092994046
Male,3.9472531797167236,0.06433609900902207,2.302585092994046,2.21375387928743,2.302585092994046
Male,3.959172981911437,0.06178666353139961,2.302585092994046,2.21375387928743,2.302585092994046
Male,3.9710927841061503,0.059177014332305426,2.302585092994046,2.21375387928743,2.302585092994046
Male,3.983012586300864,0.05661239009677735,2.302585092994046,2.21375387928743,2.302585092994046
Male,3.9949323884955774,0.0541816805202963,2.302585092994046,2.21375387928743,2.302585092994046
Male,4.0068521906902905,0.051948301781448915,2.302585092994046,2.21375387928743,2.302585092994046
Male,4.0187719928850045,0.04994586825936854,2.302585092994046,2.21375387928743,2.302585092994046
Male,4.030691795079718,0.0481787807859009,2.302585092994046,2.21375387928743,2.302585092994046
Male,4.042611597274431,0.04662694851027714,2.302585092994046,2.21375387928743,2.302585092994046
Male,4.054531399469145,0.04525324461811952,2.302585092994046,2.21375387928743,2.302585092994046
Male,4.066451201663858,0.04401204694331302,2.302585092994046,2.21375387928743,2.302585092994046
Male,4.078371003858572,0.042857316051544046,2.302585092994046,2.21375387928743,2.302585092994046
Male,4.090290806053285,0.04174902871973933,2.302585092994046,2.21375387928743,2.302585092994046
Male,4.102210608247998,0.040657293816289575,2.302585092994046,2.21375387928743,2.302585092994046
Male,4.114130410442712,0.03956400922981994,2.302585092994046,2.21375387928743,2.302585092994046
Male,4.126050212637425,0.03846237167391981,2.302585092994046,2.21375387928743,2.302585092994046
Male,4.137970014832139,0.037354856469147046,2.302585092994046,2.21375387928743,2.302585092994046
Male,4.149889817026852,0.036250409136583166,2.302585092994046,2.21375387928743,2.302585092994046
Male,4.1618096192215654,0.03516154024531043,2.302585092994046,2.21375387928743,2.302585092994046
Male,4.1737294214162795,0.03410182970700382,2.302585092994046,2.21375387928743,2.302585092994046
Male,4.185649223610993,0.03308409238632515,2.302585092994046,2.21375387928743,2.302585092994046
Male,4.197569025805707,0.032119209018374374,2.302585092994046,2.21375387928743,2.302585092994046
Male,4.20948882800042,0.03121545080021213,2.302585092994046,2.21375387928743,2.302585092994046
Male,4.221408630195133,0.030378061018681544,2.302585092994046,2.21375387928743,2.302585092994046
Male,4.233328432389847,0.029608903567819648,2.302585092994046,2.21375387928743,2.302585092994046
Male,4.24524823458456,0.028906111066927746,2.302585092994046,2.21375387928743,2.302585092994046
Male,4.257168036779274,0.028263806415025242,2.302585092994046,2.21375387928743,2.302585092994046
Male,4.269087838973987,0.027672070477600775,2.302585092994046,2.21375387928743,2.302585092994046
Male,4.2810076411687,0.027117343455076694,2.302585092994046,2.21375387928743,2.302585092994046
Male,4.292927443363414,0.02658336995251871,2.302585092994046,2.21375387928743,2.302585092994046
Male,4.304847245558127,0.026052655483861292,2.302585092994046,2.21375387928743,2.302585092994046
Male,4.316767047752841,0.025508248193575,2.302585092994046,2.21375387928743,2.302585092994046
Male,4.328686849947554,0.02493555238579011,2.302585092994046,2.21375387928743,2.302585092994046
Male,4.3406066521422675,0.024323861433181514,2.302585092994046,2.21375387928743,2.302585092994046
Male,4.3525264543369815,0.023667375240778256,2.302585092994046,2.21375387928743,2.302585092994046
Male,4.364446256531695,0.022965613828079972,2.302585092994046,2.21375387928743,2.302585092994046
Male,4.376366058726409,0.02222330031449158,2.302585092994046,2.21375387928743,2.302585092994046
Male,4.388285860921122,0.021449904892826777,2.302585092994046,2.21375387928743,2.302585092994046
Male,4.400205663115835,0.020659074061525153,2.302585092994046,2.21375387928743,2.302585092994046
Male,4.412125465310549,0.019868105909368196,2.302585092994046,2.21375387928743,2.302585092994046
Male,4.424045267505262,0.019097496886743476,2.302585092994046,2.21375387928743,2.302585092994046
Male,4.435965069699976,0.01837042852560559,2.302585092994046,2.21375387928743,2.302585092994046
Male,4.447884871894689,0.017711943584063264,2.302585092994046,2.21375387928743,2.302585092994046
Male,4.459804674089403,0.017147530636821437,2.302585092994046,2.21375387928743,2.302585092994046
Male,4.471724476284116,0.01670092095110541,2.302585092994046,2.21375387928743,2.302585092994046
Male,4.483644278478829,0.016391096400645323,2.302585092994046,2.21375387928743,2.302585092994046
Male,4.495564080673543,0.016228774329199676,2.302585092994046,2.21375387928743,2.302585092994046
Male,4.507483882868256,0.016212910315797892,2.302585092994046,2.21375387928743,2.302585092994046
Male,4.51940368506297,0.016327964216713606,2.302585092994046,2.21375387928743,2.302585092994046
Male,4.5313234872576835,0.016542733718002512,2.302585092994046,2.21375387928743,2.302585092994046
Male,4.543243289452397,0.016811422373852136,2.302585092994046,2.21375387928743,2.302585092994046
Male,4.555163091647111,0.01707726911076816,2.302585092994046,2.21375387928743,2.302585092994046
Male,4.567082893841824,0.01727857243347974,2.302585092994046,2.21375387928743,2.302585092994046
Male,4.579002696036538,0.01735639683681323,2.302585092994046,2.21375387928743,2.302585092994046
Male,4.590922498231251,0.017262785089105743,2.302585092994046,2.21375387928743,2.302585092994046
Male,4.602842300425964,0.01696804865228394,2.302585092994046,2.21375387928743,2.302585092994046
Male,4.614762102620678,0.016465756472967503,2.302585092994046,2.21375387928743,2.302585092994046
Male,4.626681904815391,0.015774402005025504,2.302585092994046,2.21375387928743,2.302585092994046
Male,4.638601707010105,0.014935328042474948,2.302585092994046,2.21375387928743,2.302585092994046
Male,4.650521509204818,0.014007191182335007,2.302585092994046,2.21375387928743,2.302585092994046
Male,4.662441311399531,0.01305788863136307,2.302585092994046,2.21375387928743,2.302585092994046
Male,4.674361113594245,0.012155307006771043,2.302585092994046,2.21375387928743,2.302585092994046
Male,4.6862809157889584,0.01135840279068834,2.302585092994046,2.21375387928743,2.302585092994046
Male,4.6982007179836724,0.010709980361130265,2.302585092994046,2.21375387928743,2.302585092994046
Male,4.710120520178386,0.010232156758328101,2.302585092994046,2.21375387928743,2.302585092994046
Male,4.7220403223731,0.009924993888382168,2.302585092994046,2.21375387928743,2.302585092994046
Male,4.733960124567813,0.009768248116131773,2.302585092994046,2.21375387928743,2.302585092994046
Male,4.745879926762526,0.009725725661942708,2.302585092994046,2.21375387928743,2.302585092994046
Male,4.75779972895724,0.009751400629622289,2.302585092994046,2.21375387928743,2.302585092994046
Male,4.769719531151953,0.00979628023140406,2.302585092994046,2.21375387928743,2.302585092994046
Male,4.781639333346667,0.009814992801776919,2.302585092994046,2.21375387928743,2.302585092994046
Male,4.79355913554138,0.009771213243189062,2.302585092994046,2.21375387928743,2.302585092994046
Male,4.805478937736093,0.009641296478777999,2.302585092994046,2.21375387928743,2.302585092994046
Male,4.817398739930807,0.009415816895638522,2.302585092994046,2.21375387928743,2.302585092994046
Male,4.82931854212552,0.00909905444582869,2.302585092994046,2.21375387928743,2.302585092994046
Male,4.841238344320234,0.008706767115416797,2.302585092994046,2.21375387928743,2.302585092994046
Male,4.853158146514947,0.008262795475320207,2.302585092994046,2.21375387928743,2.302585092994046
Male,4.865077948709661,0.007795130534475619,2.302585092994046,2.21375387928743,2.302585092994046
Male,4.8769977509043745,0.007332042806759802,2.302585092994046,2.21375387928743,2.302585092994046
Male,4.888917553099088,0.006898747308322536,2.302585092994046,2.21375387928743,2.302585092994046
Male,4.900837355293802,0.006514911329936325,2.302585092994046,2.21375387928743,2.302585092994046
Male,4.912757157488515,0.0061931448507695636,2.302585092994046,2.21375387928743,2.302585092994046
Male,4.924676959683229,0.005938478883900826,2.302585092994046,2.21375387928743,2.302585092994046
Male,4.936596761877942,0.005748745113492247,2.302585092994046,2.21375387928743,2.302585092994046
Male,4.948516564072655,0.005615712302454252,2.302585092994046,2.21375387928743,2.302585092994046
Male,4.960436366267369,0.005526793787275991,2.302585092994046,2.21375387928743,2.302585092994046
Male,4.972356168462082,0.005467102386427978,2.302585092994046,2.21375387928743,2.302585092994046
Male,4.984275970656796,0.005421593317768153,2.302585092994046,2.21375387928743,2.302585092994046
Male,4.996195772851509,0.005377015068670979,2.302585092994046,2.21375387928743,2.302585092994046
Male,5.008115575046222,0.005323402194352209,2.302585092994046,2.21375387928743,2.302585092994046
Male,5.020035377240936,0.005254907648571774,2.302585092994046,2.21375387928743,2.302585092994046
Male,5.031955179435649,0.0051698853187118225,2.302585092994046,2.21375387928743,2.302585092994046
Male,5.043874981630363,0.005070276530336033,2.302585092994046,2.21375387928743,2.302585092994046
Male,5.0557947838250765,0.004960493014003157,2.302585092994046,2.21375387928743,2.302585092994046
Male,5.06771458601979,0.004846085028237409,2.302585092994046,2.21375387928743,2.302585092994046
Male,5.079634388214504,0.004732508640104374,2.302585092994046,2.21375387928743,2.302585092994046
Male,5.091554190409217,0.004624252416875772,2.302585092994046,2.21375387928743,2.302585092994046
Male,5.103473992603931,0.004524466230318664,2.302585092994046,2.21375387928743,2.302585092994046
Male,5.115393794798644,0.004435087214120026,2.302585092994046,2.21375387928743,2.302585092994046
Male,5.127313596993357,0.004357321388958952,2.302585092994046,2.21375387928743,2.302585092994046
Male,5.139233399188071,0.0042922503041547605,2.302585092994046,2.21375387928743,2.302585092994046
Male,5.151153201382784,0.004241311532692664,2.302585092994046,2.21375387928743,2.302585092994046
Male,5.163073003577498,0.004206451845129069,2.302585092994046,2.21375387928743,2.302585092994046
Male,5.174992805772211,0.004189856119907766,2.302585092994046,2.21375387928743,2.302585092994046
Male,5.186912607966924,0.0041932848894953275,2.302585092994046,2.21375387928743,2.302585092994046
Male,5.198832410161638,0.004217175640409122,2.302585092994046,2.21375387928743,2.302585092994046
Male,5.210752212356351,0.004259747423457164,2.302585092994046,2.21375387928743,2.302585092994046
Male,5.2226720145510654,0.004316374100887743,2.302585092994046,2.21375387928743,2.302585092994046
Male,5.234591816745779,0.004379451104683217,2.302585092994046,2.21375387928743,2.302585092994046
Male,5.246511618940492,0.004438881307084989,2.302585092994046,2.21375387928743,2.302585092994046
Male,5.258431421135206,0.004483168774855164,2.302585092994046,2.21375387928743,2.302585092994046
Male,5.270351223329919,0.00450096589179179,2.302585092994046,2.21375387928743,2.302585092994046
Male,5.282271025524633,0.004482803804356861,2.302585092994046,2.21375387928743,2.302585092994046
Male,5.294190827719346,0.0044226774017983635,2.302585092994046,2.21375387928743,2.302585092994046
Male,5.306110629914059,0.004319170080437807,2.302585092994046,2.21375387928743,2.302585092994046
Male,5.318030432108773,0.004175888389559696,2.302585092994046,2.21375387928743,2.302585092994046
Male,5.329950234303486,0.0040011122939733355,2.302585092994046,2.21375387928743,2.302585092994046
Male,5.3418700364982,0.003806720412317235,2.302585092994046,2.21375387928743,2.302585092994046
Male,5.353789838692913,0.0036065848176863153,2.302585092994046,2.21375387928743,2.302585092994046
Male,5.365709640887626,0.0034147170747733076,2.302585092994046,2.21375387928743,2.302585092994046
Male,5.37762944308234,0.0032434708791441317,2.302585092994046,2.21375387928743,2.302585092994046
Male,5.3895492452770535,0.0031020691374254714,2.302585092994046,2.21375387928743,2.302585092994046
Male,5.4014690474717675,0.0029956415416482565,2.302585092994046,2.21375387928743,2.302585092994046
Male,5.413388849666481,0.0029248574783389087,2.302585092994046,2.21375387928743,2.302585092994046
Male,5.425308651861195,0.002886142777335028,2.302585092994046,2.21375387928743,2.302585092994046
Male,5.437228454055908,0.002872394285756107,2.302585092994046,2.21375387928743,2.302585092994046
Male,5.449148256250621,0.002874060015302956,2.302585092994046,2.21375387928743,2.302585092994046
Female,0.6931471805599453,0.0593345885707367,2.21375387928743,2.21375387928743,2.302585092994046
Female,0.7050669827546587,0.06847654581560204,2.21375387928743,2.21375387928743,2.302585092994046
Female,0.7169867849493722,0.07695116756176795,2.21375387928743,2.21375387928743,2.302585092994046
Female,0.7289065871440857,0.08421786027070625,2.21375387928743,2.21375387928743,2.302585092994046
Female,0.7408263893387992,0.08980259242899867,2.21375387928743,2.21375387928743,2.302585092994046
Female,0.7527461915335126,0.09336523614662905,2.21375387928743,2.21375387928743,2.302585092994046
Female,0.7646659937282261,0.09475119188364274,2.21375387928743,2.21375387928743,2.302585092994046
Female,0.7765857959229396,0.09401604885028782,2.21375387928743,2.21375387928743,2.302585092994046
Female,0.7885055981176531,0.09141729189626431,2.21375387928743,2.21375387928743,2.302585092994046
Female,0.8004254003123665,0.08737411080472506,2.21375387928743,2.21375387928743,2.302585092994046
Female,0.81234520250708,0.0824032841341263,2.21375387928743,2.21375387928743,2.302585092994046
Female,0.8242650047017934,0.07704399642303605,2.21375387928743,2.21375387928743,2.302585092994046
Female,0.836184806896507,0.07178605537279567,2.21375387928743,2.21375387928743,2.302585092994046
Female,0.8481046090912204,0.06701408783111681,2.21375387928743,2.21375387928743,2.302585092994046
Female,0.8600244112859339,0.06297571712775255,2.21375387928743,2.21375387928743,2.302585092994046
Female,0.8719442134806474,0.05977592870100923,2.21375387928743,2.21375387928743,2.302585092994046
Female,0.8838640156753609,0.05739440897548546,2.21375387928743,2.21375387928743,2.302585092994046
Female,0.8957838178700743,0.055718818370216035,2.21375387928743,2.21375387928743,2.302585092994046
Female,0.9077036200647878,0.054585307595786066,2.21375387928743,2.21375387928743,2.302585092994046
Female,0.9196234222595012,0.05381801362239934,2.21375387928743,2.21375387928743,2.302585092994046
Female,0.9315432244542148,0.05326120391505557,2.21375387928743,2.21375387928743,2.302585092994046
Female,0.9434630266489282,0.05280039753739796,2.21375387928743,2.21375387928743,2.302585092994046
Female,0.9553828288436417,0.05237145407067537,2.21375387928743,2.21375387928743,2.302585092994046
Female,0.9673026310383552,0.05195877598097583,2.21375387928743,2.21375387928743,2.302585092994046
Female,0.9792224332330686,0.05158517757867265,2.21375387928743,2.21375387928743,2.302585092994046
Female,0.9911422354277821,0.05129663131695688,2.21375387928743,2.21375387928743,2.302585092994046
Female,1.0030620376224957,0.051145158321044944,2.21375387928743,2.21375387928743,2.302585092994046
Female,1.014981839817209,0.05117278522152504,2.21375387928743,2.21375387928743,2.302585092994046
Female,1.0269016420119226,0.0513989154206488,2.21375387928743,2.21375387928743,2.302585092994046
Female,1.038821444206636,0.05181276193582538,2.21375387928743,2.21375387928743,2.302585092994046
Female,1.0507412464013495,0.05237169844207738,2.21375387928743,2.21375387928743,2.302585092994046
Female,1.062661048596063,0.05300551917744885,2.21375387928743,2.21375387928743,2.302585092994046
Female,1.0745808507907764,0.053625700286935335,2.21375387928743,2.21375387928743,2.302585092994046
Female,1.08650065298549,0.054137931557381606,2.21375387928743,2.21375387928743,2.302585092994046
Female,1.0984204551802033,0.054455601862146624,2.21375387928743,2.21375387928743,2.302585092994046
Female,1.1103402573749168,0.05451174490340088,2.21375387928743,2.21375387928743,2.302585092994046
Female,1.1222600595696304,0.05426728909559235,2.21375387928743,2.21375387928743,2.302585092994046
Female,1.1341798617643437,0.05371428280601918,2.21375387928743,2.21375387928743,2.302585092994046
Female,1.1460996639590573,0.05287391017018598,2.21375387928743,2.21375387928743,2.302585092994046
Female,1.1580194661537706,0.051790287174383165,2.21375387928743,2.21375387928743,2.302585092994046
Female,1.1699392683484842,0.05052191837133315,2.21375387928743,2.21375387928743,2.302585092994046
Female,1.1818590705431977,0.04913306009640116,2.21375387928743,2.21375387928743,2.302585092994046
Female,1.1937788727379113,0.0476869870504978,2.21375387928743,2.21375387928743,2.302585092994046
Female,1.2056986749326246,0.04624238652621446,2.21375387928743,2.21375387928743,2.302585092994046
Female,1.217618477127338,0.04485304843314343,2.21375387928743,2.21375387928743,2.302585092994046
Female,1.2295382793220515,0.04356999198459296,2.21375387928743,2.21375387928743,2.302585092994046
Female,1.241458081516765,0.04244446150724631,2.21375387928743,2.21375387928743,2.302585092994046
Female,1.2533778837114786,0.041530020259754545,2.21375387928743,2.21375387928743,2.302585092994046
Female,1.265297685906192,0.04088230799329477,2.21375387928743,2.21375387928743,2.302585092994046
Female,1.2772174881009053,0.040555789711187944,2.21375387928743,2.21375387928743,2.302585092994046
Female,1.2891372902956189,0.040597783966335184,2.21375387928743,2.21375387928743,2.302585092994046
Female,1.3010570924903324,0.04104095180587438,2.21375387928743,2.21375387928743,2.302585092994046
Female,1.312976894685046,0.04189601945646414,2.21375387928743,2.21375387928743,2.302585092994046
Female,1.3248966968797593,0.0431466633544302,2.21375387928743,2.21375387928743,2.302585092994046
Female,1.3368164990744729,0.04474819784341154,2.21375387928743,2.21375387928743,2.302585092994046
Female,1.3487363012691862,0.046631086632998024,2.21375387928743,2.21375387928743,2.302585092994046
Female,1.3606561034638998,0.04870953735919228,2.21375387928743,2.21375387928743,2.302585092994046
Female,1.3725759056586133,0.05089473217954233,2.21375387928743,2.21375387928743,2.302585092994046
Female,1.3844957078533269,0.053111738092130045,2.21375387928743,2.21375387928743,2.302585092994046
Female,1.3964155100480402,0.055318871581915716,2.21375387928743,2.21375387928743,2.302585092994046
Female,1.4083353122427535,0.05752820104880893,2.21375387928743,2.21375387928743,2.302585092994046
Female,1.420255114437467,0.05982582022641875,2.21375387928743,2.21375387928743,2.302585092994046
Female,1.4321749166321807,0.06239035985781073,2.21375387928743,2.21375387928743,2.302585092994046
Female,1.4440947188268942,0.06550780963829994,2.21375387928743,2.21375387928743,2.302585092994046
Female,1.4560145210216076,0.06958008236796942,2.21375387928743,2.21375387928743,2.302585092994046
Female,1.467934323216321,0.07512398966626684,2.21375387928743,2.21375387928743,2.302585092994046
Female,1.4798541254110344,0.08275669232259697,2.21375387928743,2.21375387928743,2.302585092994046
Female,1.491773927605748,0.09316365998394796,2.21375387928743,2.21375387928743,2.302585092994046
Female,1.5036937298004616,0.10704622019543023,2.21375387928743,2.21375387928743,2.302585092994046
Female,1.515613531995175,0.12504831985045184,2.21375387928743,2.21375387928743,2.302585092994046
Female,1.5275333341898882,0.14766629440149845,2.21375387928743,2.21375387928743,2.302585092994046
Female,1.5394531363846018,0.17515084005527873,2.21375387928743,2.21375387928743,2.302585092994046
Female,1.5513729385793154,0.20741592872827533,2.21375387928743,2.21375387928743,2.302585092994046
Female,1.563292740774029,0.24397341006302278,2.21375387928743,2.21375387928743,2.302585092994046
Female,1.5752125429687422,0.283912613698413,2.21375387928743,2.21375387928743,2.302585092994046
Female,1.5871323451634558,0.32593995015704186,2.21375387928743,2.21375387928743,2.302585092994046
Female,1.5990521473581691,0.3684840319455433,2.21375387928743,2.21375387928743,2.302585092994046
Female,1.6109719495528827,0.4098585650217686,2.21375387928743,2.21375387928743,2.302585092994046
Female,1.6228917517475963,0.4484611501109009,2.21375387928743,2.21375387928743,2.302585092994046
Female,1.6348115539423098,0.482975030402217,2.21375387928743,2.21375387928743,2.302585092994046
Female,1.6467313561370232,0.5125362951155272,2.21375387928743,2.21375387928743,2.302585092994046
Female,1.6586511583317365,0.5368331478197861,2.21375387928743,2.21375387928743,2.302585092994046
Female,1.67057096052645,0.5561162808572229,2.21375387928743,2.21375387928743,2.302585092994046
Female,1.6824907627211636,0.5711174562343678,2.21375387928743,2.21375387928743,2.302585092994046
Female,1.6944105649158772,0.5828926935548262,2.21375387928743,2.21375387928743,2.302585092994046
Female,1.7063303671105903,0.5926222156252055,2.21375387928743,2.21375387928743,2.302585092994046
Female,1.7182501693053038,0.6014076638948237,2.21375387928743,2.21375387928743,2.302585092994046
Female,1.7301699715000174,0.6101061914809931,2.21375387928743,2.21375387928743,2.302585092994046
Female,1.742089773694731,0.6192313484623615,2.21375387928743,2.21375387928743,2.302585092994046
Female,1.7540095758894445,0.6289347718356396,2.21375387928743,2.21375387928743,2.302585092994046
Female,1.765929378084158,0.6390645122554024,2.21375387928743,2.21375387928743,2.302585092994046
Female,1.7778491802788712,0.6492796416695584,2.21375387928743,2.21375387928743,2.302585092994046
Female,1.7897689824735847,0.6591901723421089,2.21375387928743,2.21375387928743,2.302585092994046
Female,1.8016887846682983,0.6684883560408543,2.21375387928743,2.21375387928743,2.302585092994046
Female,1.8136085868630119,0.6770422735181189,2.21375387928743,2.21375387928743,2.302585092994046
Female,1.8255283890577254,0.684933572603104,2.21375387928743,2.21375387928743,2.302585092994046
Female,1.8374481912524385,0.6924352816091139,2.21375387928743,2.21375387928743,2.302585092994046
Female,1.849367993447152,0.6999393950965083,2.21375387928743,2.21375387928743,2.302585092994046
Female,1.8612877956418656,0.707854428828172,2.21375387928743,2.21375387928743,2.302585092994046
Female,1.8732075978365792,0.7164984647857217,2.21375387928743,2.21375387928743,2.302585092994046
Female,1.8851274000312928,0.7260127420473231,2.21375387928743,2.21375387928743,2.302585092994046
Female,1.8970472022260059,0.7363151476904478,2.21375387928743,2.21375387928743,2.302585092994046
Female,1.9089670044207194,0.7471034387766681,2.21375387928743,2.21375387928743,2.302585092994046
Female,1.920886806615433,0.7579066524973859,2.21375387928743,2.21375387928743,2.302585092994046
Female,1.9328066088101465,0.7681722097239717,2.21375387928743,2.21375387928743,2.302585092994046
Female,1.94472641100486,0.7773679991095026,2.21375387928743,2.21375387928743,2.302585092994046
Female,1.9566462131995732,0.7850752175744773,2.21375387928743,2.21375387928743,2.302585092994046
Female,1.9685660153942868,0.7910500719912078,2.21375387928743,2.21375387928743,2.302585092994046
Female,1.9804858175890003,0.7952404244795047,2.21375387928743,2.21375387928743,2.302585092994046
Female,1.9924056197837139,0.7977553451802238,2.21375387928743,2.21375387928743,2.302585092994046
Female,2.0043254219784274,0.7987982656829753,2.21375387928743,2.21375387928743,2.302585092994046
Female,2.016245224173141,0.7985843931713895,2.21375387928743,2.21375387928743,2.302585092994046
Female,2.028165026367854,0.7972671774983575,2.21375387928743,2.21375387928743,2.302585092994046
Female,2.0400848285625677,0.794895455283227,2.21375387928743,2.21375387928743,2.302585092994046
Female,2.0520046307572812,0.7914132069578845,2.21375387928743,2.21375387928743,2.302585092994046
Female,2.063924432951995,0.7867005935976051,2.21375387928743,2.21375387928743,2.302585092994046
Female,2.0758442351467083,0.7806423201852223,2.21375387928743,2.21375387928743,2.302585092994046
Female,2.0877640373414215,0.773201508957244,2.21375387928743,2.21375387928743,2.302585092994046
Female,2.099683839536135,0.7644766718042534,2.21375387928743,2.21375387928743,2.302585092994046
Female,2.1116036417308486,0.7547259852381558,2.21375387928743,2.21375387928743,2.302585092994046
Female,2.123523443925562,0.7443542279717424,2.21375387928743,2.21375387928743,2.302585092994046
Female,2.1354432461202757,0.7338691536014484,2.21375387928743,2.21375387928743,2.302585092994046
Female,2.147363048314989,0.7238215194987967,2.21375387928743,2.21375387928743,2.302585092994046
Female,2.1592828505097024,0.714744041753771,2.21375387928743,2.21375387928743,2.302585092994046
Female,2.171202652704416,0.7070995593488933,2.21375387928743,2.21375387928743,2.302585092994046
Female,2.1831224548991295,0.7012406691856484,2.21375387928743,2.21375387928743,2.302585092994046
Female,2.195042257093843,0.6973763380052531,2.21375387928743,2.21375387928743,2.302585092994046
Female,2.206962059288556,0.6955391375513656,2.21375387928743,2.21375387928743,2.302585092994046
Female,2.2188818614832697,0.6955509936945651,2.21375387928743,2.21375387928743,2.302585092994046
Female,2.2308016636779833,0.6969937575562483,2.21375387928743,2.21375387928743,2.302585092994046
Female,2.242721465872697,0.6991991380005961,2.21375387928743,2.21375387928743,2.302585092994046
Female,2.2546412680674104,0.7012757009080461,2.21375387928743,2.21375387928743,2.302585092994046
Female,2.2665610702621235,0.7021856437778915,2.21375387928743,2.21375387928743,2.302585092994046
Female,2.278480872456837,0.7008712346601694,2.21375387928743,2.21375387928743,2.302585092994046
Female,2.2904006746515506,0.69641413923247,2.21375387928743,2.21375387928743,2.302585092994046
Female,2.302320476846264,0.688196521625725,2.21375387928743,2.21375387928743,2.302585092994046
Female,2.3142402790409777,0.6760266508864956,2.21375387928743,2.21375387928743,2.302585092994046
Female,2.3261600812356913,0.6601968319448838,2.21375387928743,2.21375387928743,2.302585092994046
Female,2.3380798834304044,0.6414567180655564,2.21375387928743,2.21375387928743,2.302585092994046
Female,2.349999685625118,0.6209056194414911,2.21375387928743,2.21375387928743,2.302585092994046
Female,2.3619194878198315,0.5998266799937925,2.21375387928743,2.21375387928743,2.302585092994046
Female,2.373839290014545,0.5794979424664164,2.21375387928743,2.21375387928743,2.302585092994046
Female,2.3857590922092586,0.561017447975807,2.21375387928743,2.21375387928743,2.302585092994046
Female,2.3976788944039717,0.5451723256812585,2.21375387928743,2.21375387928743,2.302585092994046
Female,2.4095986965986853,0.5323688462492222,2.21375387928743,2.21375387928743,2.302585092994046
Female,2.421518498793399,0.5226262151922597,2.21375387928743,2.21375387928743,2.302585092994046
Female,2.4334383009881124,0.5156252717347325,2.21375387928743,2.21375387928743,2.302585092994046
Female,2.445358103182826,0.5107961763368503,2.21375387928743,2.21375387928743,2.302585092994046
Female,2.457277905377539,0.5074266410136373,2.21375387928743,2.21375387928743,2.302585092994046
Female,2.4691977075722527,0.5047731228975241,2.21375387928743,2.21375387928743,2.302585092994046
Female,2.481117509766966,0.5021602663124883,2.21375387928743,2.21375387928743,2.302585092994046
Female,2.4930373119616798,0.49905773810174753,2.21375387928743,2.21375387928743,2.302585092994046
Female,2.5049571141563933,0.49512794749073996,2.21375387928743,2.21375387928743,2.302585092994046
Female,2.5168769163511064,0.4902426830773178,2.21375387928743,2.21375387928743,2.302585092994046
Female,2.52879671854582,0.4844710291648615,2.21375387928743,2.21375387928743,2.302585092994046
Female,2.5407165207405336,0.4780444243171544,2.21375387928743,2.21375387928743,2.302585092994046
Female,2.552636322935247,0.47130676760527007,2.21375387928743,2.21375387928743,2.302585092994046
Female,2.5645561251299607,0.46465775693329514,2.21375387928743,2.21375387928743,2.302585092994046
Female,2.5764759273246742,0.45849640314614026,2.21375387928743,2.21375387928743,2.302585092994046
Female,2.5883957295193873,0.45316964829498535,2.21375387928743,2.21375387928743,2.302585092994046
Female,2.600315531714101,0.4489291560392194,2.21375387928743,2.21375387928743,2.302585092994046
Female,2.6122353339088145,0.4458983286306762,2.21375387928743,2.21375387928743,2.302585092994046
Female,2.624155136103528,0.4440515768253102,2.21375387928743,2.21375387928743,2.302585092994046
Female,2.6360749382982416,0.44320835393278835,2.21375387928743,2.21375387928743,2.302585092994046
Female,2.6479947404929547,0.44304460632790843,2.21375387928743,2.21375387928743,2.302585092994046
Female,2.6599145426876682,0.44312326261143736,2.21375387928743,2.21375387928743,2.302585092994046
Female,2.671834344882382,0.4429428120570558,2.21375387928743,2.21375387928743,2.302585092994046
Female,2.6837541470770954,0.44199926001110373,2.21375387928743,2.21375387928743,2.302585092994046
Female,2.695673949271809,0.4398528382342248,2.21375387928743,2.21375387928743,2.302585092994046
Female,2.7075937514665225,0.43618819893303884,2.21375387928743,2.21375387928743,2.302585092994046
Female,2.7195135536612356,0.4308566678744385,2.21375387928743,2.21375387928743,2.302585092994046
Female,2.731433355855949,0.4238920054390599,2.21375387928743,2.21375387928743,2.302585092994046
Female,2.7433531580506627,0.4154965473460629,2.21375387928743,2.21375387928743,2.302585092994046
Female,2.7552729602453763,0.4060011605974558,2.21375387928743,2.21375387928743,2.302585092994046
Female,2.76719276244009,0.395808269717859,2.21375387928743,2.21375387928743,2.302585092994046
Female,2.7791125646348034,0.3853305814745236,2.21375387928743,2.21375387928743,2.302585092994046
Female,2.7910323668295165,0.37493814077717746,2.21375387928743,2.21375387928743,2.302585092994046
Female,2.80295216902423,0.36492313773198226,2.21375387928743,2.21375387928743,2.302585092994046
Female,2.8148719712189436,0.3554865690782764,2.21375387928743,2.21375387928743,2.302585092994046
Female,2.826791773413657,0.34674507101645563,2.21375387928743,2.21375387928743,2.302585092994046
Female,2.8387115756083707,0.3387515753448391,2.21375387928743,2.21375387928743,2.302585092994046
Female,2.850631377803084,0.3315209790427821,2.21375387928743,2.21375387928743,2.302585092994046
Female,2.8625511799977974,0.32505211287713687,2.21375387928743,2.21375387928743,2.302585092994046
Female,2.874470982192511,0.31933961402961913,2.21375387928743,2.21375387928743,2.302585092994046
Female,2.8863907843872245,0.31437304489701523,2.21375387928743,2.21375387928743,2.302585092994046
Female,2.898310586581938,0.3101247404361296,2.21375387928743,2.21375387928743,2.302585092994046
Female,2.910230388776651,0.3065314122650429,2.21375387928743,2.21375387928743,2.302585092994046
Female,2.9221501909713647,0.3034766711018894,2.21375387928743,2.21375387928743,2.302585092994046
Female,2.9340699931660783,0.3007818323038724,2.21375387928743,2.21375387928743,2.302585092994046
Female,2.945989795360792,0.29821052967554856,2.21375387928743,2.21375387928743,2.302585092994046
Female,2.9579095975555054,0.2954891488970354,2.21375387928743,2.21375387928743,2.302585092994046
Female,2.9698293997502185,0.2923407469836383,2.21375387928743,2.21375387928743,2.302585092994046
Female,2.981749201944932,0.2885261165458281,2.21375387928743,2.21375387928743,2.302585092994046
Female,2.9936690041396457,0.2838831730727651,2.21375387928743,2.21375387928743,2.302585092994046
Female,3.005588806334359,0.2783557142111341,2.21375387928743,2.21375387928743,2.302585092994046
Female,3.0175086085290728,0.2720049545767583,2.21375387928743,2.21375387928743,2.302585092994046
Female,3.029428410723786,0.2650014085084496,2.21375387928743,2.21375387928743,2.302585092994046
Female,3.0413482129184994,0.25759939343528043,2.21375387928743,2.21375387928743,2.302585092994046
Female,3.053268015113213,0.2501002048517592,2.21375387928743,2.21375387928743,2.302585092994046
Female,3.0651878173079266,0.24281177641231874,2.21375387928743,2.21375387928743,2.302585092994046
Female,3.07710761950264,0.2360120482049551,2.21375387928743,2.21375387928743,2.302585092994046
Female,3.0890274216973537,0.22992083724809165,2.21375387928743,2.21375387928743,2.302585092994046
Female,3.100947223892067,0.22468185609697194,2.21375387928743,2.21375387928743,2.302585092994046
Female,3.1128670260867803,0.220353904331021,2.21375387928743,2.21375387928743,2.302585092994046
Female,3.124786828281494,0.21690903301267053,2.21375387928743,2.21375387928743,2.302585092994046
Female,3.1367066304762075,0.21423582663600438,2.21375387928743,2.21375387928743,2.302585092994046
Female,3.148626432670921,0.21214732224316366,2.21375387928743,2.21375387928743,2.302585092994046
Female,3.160546234865634,0.21039452265130518,2.21375387928743,2.21375387928743,2.302585092994046
Female,3.1724660370603477,0.20868700723180827,2.21375387928743,2.21375387928743,2.302585092994046
Female,3.1843858392550612,0.206721284020022,2.21375387928743,2.21375387928743,2.302585092994046
Female,3.196305641449775,0.2042154097038202,2.21375387928743,2.21375387928743,2.302585092994046
Female,3.2082254436444884,0.20094578671796698,2.21375387928743,2.21375387928743,2.302585092994046
Female,3.2201452458392015,0.19677998782385075,2.21375387928743,2.21375387928743,2.302585092994046
Female,3.232065048033915,0.1916988873742664,2.21375387928743,2.21375387928743,2.302585092994046
Female,3.2439848502286286,0.18580271905190907,2.21375387928743,2.21375387928743,2.302585092994046
Female,3.255904652423342,0.17929868155026987,2.21375387928743,2.21375387928743,2.302585092994046
Female,3.2678244546180557,0.17247154935773742,2.21375387928743,2.21375387928743,2.302585092994046
Female,3.279744256812769,0.16564232632561096,2.21375387928743,2.21375387928743,2.302585092994046
Female,3.2916640590074824,0.15912234414649126,2.21375387928743,2.21375387928743,2.302585092994046
Female,3.303583861202196,0.15317082862847087,2.21375387928743,2.21375387928743,2.302585092994046
Female,3.3155036633969095,0.1479628497102303,2.21375387928743,2.21375387928743,2.302585092994046
Female,3.327423465591623,0.14357219861264722,2.21375387928743,2.21375387928743,2.302585092994046
Female,3.3393432677863366,0.1399707776909609,2.21375387928743,2.21375387928743,2.302585092994046
Female,3.3512630699810497,0.13704320415570456,2.21375387928743,2.21375387928743,2.302585092994046
Female,3.3631828721757633,0.13461299961759537,2.21375387928743,2.21375387928743,2.302585092994046
Female,3.375102674370477,0.13247522969477873,2.21375387928743,2.21375387928743,2.302585092994046
Female,3.3870224765651904,0.1304298679605978,2.21375387928743,2.21375387928743,2.302585092994046
Female,3.398942278759904,0.12831047703521986,2.21375387928743,2.21375387928743,2.302585092994046
Female,3.410862080954617,0.1260039436788529,2.21375387928743,2.21375387928743,2.302585092994046
Female,3.4227818831493306,0.12345880643038695,2.21375387928743,2.21375387928743,2.302585092994046
Female,3.434701685344044,0.12068189566362247,2.21375387928743,2.21375387928743,2.302585092994046
Female,3.4466214875387577,0.117725182837522,2.21375387928743,2.21375387928743,2.302585092994046
Female,3.4585412897334713,0.11466647685588911,2.21375387928743,2.21375387928743,2.302585092994046
Female,3.4704610919281844,0.11158853682033859,2.21375387928743,2.21375387928743,2.302585092994046
Female,3.482380894122898,0.10856108717501571,2.21375387928743,2.21375387928743,2.302585092994046
Female,3.4943006963176115,0.1056291596185767,2.21375387928743,2.21375387928743,2.302585092994046
Female,3.506220498512325,0.10280942471748604,2.21375387928743,2.21375387928743,2.302585092994046
Female,3.5181403007070386,0.10009416307990884,2.21375387928743,2.21375387928743,2.302585092994046
Female,3.5300601029017518,0.09746075768292083,2.21375387928743,2.21375387928743,2.302585092994046
Female,3.5419799050964653,0.09488347902408158,2.21375387928743,2.21375387928743,2.302585092994046
Female,3.553899707291179,0.09234411106633787,2.21375387928743,2.21375387928743,2.302585092994046
Female,3.5658195094858924,0.0898386221829241,2.21375387928743,2.21375387928743,2.302585092994046
Female,3.577739311680606,0.08737839560124058,2.21375387928743,2.21375387928743,2.302585092994046
Female,3.589659113875319,0.08498612234409307,2.21375387928743,2.21375387928743,2.302585092994046
Female,3.6015789160700327,0.08268790437066043,2.21375387928743,2.21375387928743,2.302585092994046
Female,3.6134987182647462,0.08050405800358237,2.21375387928743,2.21375387928743,2.302585092994046
Female,3.62541852045946,0.07844133970384815,2.21375387928743,2.21375387928743,2.302585092994046
Female,3.6373383226541733,0.07648882325406953,2.21375387928743,2.21375387928743,2.302585092994046
Female,3.649258124848887,0.07461860937246306,2.21375387928743,2.21375387928743,2.302585092994046
Female,3.6611779270436,0.07279124524759738,2.21375387928743,2.21375387928743,2.302585092994046
Female,3.6730977292383136,0.07096451828149705,2.21375387928743,2.21375387928743,2.302585092994046
Female,3.685017531433027,0.06910346835682209,2.21375387928743,2.21375387928743,2.302585092994046
Female,3.6969373336277407,0.06718922255287431,2.21375387928743,2.21375387928743,2.302585092994046
Female,3.7088571358224542,0.06522462336932841,2.21375387928743,2.21375387928743,2.302585092994046
Female,3.7207769380171674,0.06323546459876868,2.21375387928743,2.21375387928743,2.302585092994046
Female,3.732696740211881,0.06126721716514014,2.21375387928743,2.21375387928743,2.302585092994046
Female,3.7446165424065945,0.059378123239416526,2.21375387928743,2.21375387928743,2.302585092994046
Female,3.756536344601308,0.057630204221686555,2.21375387928743,2.21375387928743,2.302585092994046
Female,3.7684561467960216,0.05607992716874297,2.21375387928743,2.21375387928743,2.302585092994046
Female,3.7803759489907347,0.054770022028834874,2.21375387928743,2.21375387928743,2.302585092994046
Female,3.7922957511854483,0.05372339904987901,2.21375387928743,2.21375387928743,2.302585092994046
Female,3.804215553380162,0.052939520565415316,2.21375387928743,2.21375387928743,2.302585092994046
Female,3.8161353555748754,0.052393155425626475,2.21375387928743,2.21375387928743,2.302585092994046
Female,3.828055157769589,0.05203530253807106,2.21375387928743,2.21375387928743,2.302585092994046
Female,3.839974959964302,0.051796175235693825,2.21375387928743,2.21375387928743,2.302585092994046
Female,3.8518947621590156,0.05159032209996888,2.21375387928743,2.21375387928743,2.302585092994046
Female,3.863814564353729,0.051324004739491516,2.21375387928743,2.21375387928743,2.302585092994046
Female,3.8757343665484427,0.05090470209127526,2.21375387928743,2.21375387928743,2.302585092994046
Female,3.8876541687431563,0.0502520573727776,2.21375387928743,2.21375387928743,2.302585092994046
Female,3.89957397093787,0.04930889544381389,2.21375387928743,2.21375387928743,2.302585092994046
Female,3.911493773132583,0.04805039933757727,2.21375387928743,2.21375387928743,2.302585092994046
Female,3.9234135753272965,0.04648942754495783,2.21375387928743,2.21375387928743,2.302585092994046
Female,3.93533337752201,0.04467643055913531,2.21375387928743,2.21375387928743,2.302585092994046
Female,3.9472531797167236,0.04269342887726858,2.21375387928743,2.21375387928743,2.302585092994046
Female,3.959172981911437,0.04064278563392098,2.21375387928743,2.21375387928743,2.302585092994046
Female,3.9710927841061503,0.03863267624746501,2.21375387928743,2.21375387928743,2.302585092994046
Female,3.983012586300864,0.0367618830600815,2.21375387928743,2.21375387928743,2.302585092994046
Female,3.9949323884955774,0.03510663162227519,2.21375387928743,2.21375387928743,2.302585092994046
Female,4.0068521906902905,0.03371164854264606,2.21375387928743,2.21375387928743,2.302585092994046
Female,4.0187719928850045,0.03258664988463289,2.21375387928743,2.21375387928743,2.302585092994046
Female,4.030691795079718,0.031708348940417574,2.21375387928743,2.21375387928743,2.302585092994046
Female,4.042611597274431,0.03102707891362224,2.21375387928743,2.21375387928743,2.302585092994046
Female,4.054531399469145,0.03047644990946367,2.21375387928743,2.21375387928743,2.302585092994046
Female,4.066451201663858,0.029984176421185636,2.21375387928743,2.21375387928743,2.302585092994046
Female,4.078371003858572,0.029482297410235312,2.21375387928743,2.21375387928743,2.302585092994046
Female,4.090290806053285,0.02891537993223717,2.21375387928743,2.21375387928743,2.302585092994046
Female,4.102210608247998,0.02824583681404389,2.21375387928743,2.21375387928743,2.302585092994046
Female,4.114130410442712,0.027456084058561384,2.21375387928743,2.21375387928743,2.302585092994046
Female,4.126050212637425,0.02654780818500408,2.21375387928743,2.21375387928743,2.302585092994046
Female,4.137970014832139,0.025539018854951787,2.21375387928743,2.21375387928743,2.302585092994046
Female,4.149889817026852,0.024459768711159405,2.21375387928743,2.21375387928743,2.302585092994046
Female,4.1618096192215654,0.02334741463153905,2.21375387928743,2.21375387928743,2.302585092994046
Female,4.1737294214162795,0.022242107895088736,2.21375387928743,2.21375387928743,2.302585092994046
Female,4.185649223610993,0.021182914598173765,2.21375387928743,2.21375387928743,2.302585092994046
Female,4.197569025805707,0.020204682653331626,2.21375387928743,2.21375387928743,2.302585092994046
Female,4.20948882800042,0.019335576918859,2.21375387928743,2.21375387928743,2.302585092994046
Female,4.221408630195133,0.018595147283401486,2.21375387928743,2.21375387928743,2.302585092994046
Female,4.233328432389847,0.017992867572032757,2.21375387928743,2.21375387928743,2.302585092994046
Female,4.24524823458456,0.017527227309395987,2.21375387928743,2.21375387928743,2.302585092994046
Female,4.257168036779274,0.01718558878607874,2.21375387928743,2.21375387928743,2.302585092994046
Female,4.269087838973987,0.01694506062897207,2.21375387928743,2.21375387928743,2.302585092994046
Female,4.2810076411687,0.016774545458019634,2.21375387928743,2.21375387928743,2.302585092994046
Female,4.292927443363414,0.01663790603823587,2.21375387928743,2.21375387928743,2.302585092994046
Female,4.304847245558127,0.01649792459535247,2.21375387928743,2.21375387928743,2.302585092994046
Female,4.316767047752841,0.016320494718873105,2.21375387928743,2.21375387928743,2.302585092994046
Female,4.328686849947554,0.01607837058368559,2.21375387928743,2.21375387928743,2.302585092994046
Female,4.3406066521422675,0.015753853158584765,2.21375387928743,2.21375387928743,2.302585092994046
Female,4.3525264543369815,0.015340010995108268,2.21375387928743,2.21375387928743,2.302585092994046
Female,4.364446256531695,0.01484035350234525,2.21375387928743,2.21375387928743,2.302585092994046
Female,4.376366058726409,0.014267204189639178,2.21375387928743,2.21375387928743,2.302585092994046
Female,4.388285860921122,0.013639266913793092,2.21375387928743,2.21375387928743,2.302585092994046
Female,4.400205663115835,0.012978976721749524,2.21375387928743,2.21375387928743,2.302585092994046
Female,4.412125465310549,0.0123101632179812,2.21375387928743,2.21375387928743,2.302585092994046
Female,4.424045267505262,0.01165636077777741,2.21375387928743,2.21375387928743,2.302585092994046
Female,4.435965069699976,0.011039841068053852,2.21375387928743,2.21375387928743,2.302585092994046
Female,4.447884871894689,0.010481194553732684,2.21375387928743,2.21375387928743,2.302585092994046
Female,4.459804674089403,0.009999114900183067,2.21375387928743,2.21375387928743,2.302585092994046
Female,4.471724476284116,0.009609986755140807,2.21375387928743,2.21375387928743,2.302585092994046
Female,4.483644278478829,0.009326957951026227,2.21375387928743,2.21375387928743,2.302585092994046
Female,4.495564080673543,0.009158376324349704,2.21375387928743,2.21375387928743,2.302585092994046
Female,4.507483882868256,0.009105744970267692,2.21375387928743,2.21375387928743,2.302585092994046
Female,4.51940368506297,0.009161629385524927,2.21375387928743,2.21375387928743,2.302585092994046
Female,4.5313234872576835,0.009308153158269659,2.21375387928743,2.21375387928743,2.302585092994046
Female,4.543243289452397,0.0095167676488034,2.21375387928743,2.21375387928743,2.302585092994046
Female,4.555163091647111,0.009749826744255634,2.21375387928743,2.21375387928743,2.302585092994046
Female,4.567082893841824,0.009964144629801146,2.21375387928743,2.21375387928743,2.302585092994046
Female,4.579002696036538,0.010116231901627961,2.21375387928743,2.21375387928743,2.302585092994046
Female,4.590922498231251,0.01016841781122245,2.21375387928743,2.21375387928743,2.302585092994046
Female,4.602842300425964,0.010094720543002934,2.21375387928743,2.21375387928743,2.302585092994046
Female,4.614762102620678,0.009885243694990116,2.21375387928743,2.21375387928743,2.302585092994046
Female,4.626681904815391,0.009548104735649522,2.21375387928743,2.21375387928743,2.302585092994046
Female,4.638601707010105,0.009108394844931395,2.21375387928743,2.21375387928743,2.302585092994046
Female,4.650521509204818,0.008604300117936326,2.21375387928743,2.21375387928743,2.302585092994046
Female,4.662441311399531,0.008081110933157762,2.21375387928743,2.21375387928743,2.302585092994046
Female,4.674361113594245,0.007584254474081976,2.21375387928743,2.21375387928743,2.302585092994046
Female,4.6862809157889584,0.007152615232543511,2.21375387928743,2.21375387928743,2.302585092994046
Female,4.6982007179836724,0.0068132574892482475,2.21375387928743,2.21375387928743,2.302585092994046
Female,4.710120520178386,0.006578305961798869,2.21375387928743,2.21375387928743,2.302585092994046
Female,4.7220403223731,0.006444289494235957,2.21375387928743,2.21375387928743,2.302585092994046
Female,4.733960124567813,0.006393818261344639,2.21375387928743,2.21375387928743,2.302585092994046
Female,4.745879926762526,0.0063991239260884885,2.21375387928743,2.21375387928743,2.302585092994046
Female,4.75779972895724,0.006426777564449522,2.21375387928743,2.21375387928743,2.302585092994046
Female,4.769719531151953,0.0064428113652533325,2.21375387928743,2.21375387928743,2.302585092994046
Female,4.781639333346667,0.0064174908878131785,2.21375387928743,2.21375387928743,2.302585092994046
Female,4.79355913554138,0.0063290971032033206,2.21375387928743,2.21375387928743,2.302585092994046
Female,4.805478937736093,0.006166265228616907,2.21375387928743,2.21375387928743,2.302585092994046
Female,4.817398739930807,0.005928669975688593,2.21375387928743,2.21375387928743,2.302585092994046
Female,4.82931854212552,0.005626112337236876,2.21375387928743,2.21375387928743,2.302585092994046
Female,4.841238344320234,0.005276307342203351,2.21375387928743,2.21375387928743,2.302585092994046
Female,4.853158146514947,0.004901848077230167,2.21375387928743,2.21375387928743,2.302585092994046
Female,4.865077948709661,0.004526893708819275,2.21375387928743,2.21375387928743,2.302585092994046
Female,4.8769977509043745,0.004174089458391336,2.21375387928743,2.21375387928743,2.302585092994046
Female,4.888917553099088,0.003862096784187372,2.21375387928743,2.21375387928743,2.302585092994046
Female,4.900837355293802,0.003603938285565938,2.21375387928743,2.21375387928743,2.302585092994046
Female,4.912757157488515,0.003406196464308126,2.21375387928743,2.21375387928743,2.302585092994046
Female,4.924676959683229,0.003268988198011874,2.21375387928743,2.21375387928743,2.302585092994046
Female,4.936596761877942,0.0031865817196460376,2.21375387928743,2.21375387928743,2.302585092994046
Female,4.948516564072655,0.0031485170788065958,2.21375387928743,2.21375387928743,2.302585092994046
Female,4.960436366267369,0.0031411044816994295,2.21375387928743,2.21375387928743,2.302585092994046
Female,4.972356168462082,0.0031491771235304016,2.21375387928743,2.21375387928743,2.302585092994046
Female,4.984275970656796,0.003157950715535772,2.21375387928743,2.21375387928743,2.302585092994046
Female,4.996195772851509,0.003154797960412938,2.21375387928743,2.21375387928743,2.302585092994046
Female,5.008115575046222,0.0031307087286321063,2.21375387928743,2.21375387928743,2.302585092994046
Female,5.020035377240936,0.003081207598455558,2.21375387928743,2.21375387928743,2.302585092994046
Female,5.031955179435649,0.0030065613947143077,2.21375387928743,2.21375387928743,2.302585092994046
Female,5.043874981630363,0.0029112294353952086,2.21375387928743,2.21375387928743,2.302585092994046
Female,5.0557947838250765,0.00280266210875329,2.21375387928743,2.21375387928743,2.302585092994046
Female,5.06771458601979,0.002689695882636852,2.21375387928743,2.21375387928743,2.302585092994046
Female,5.079634388214504,0.002580880454672881,2.21375387928743,2.21375387928743,2.302585092994046
Female,5.091554190409217,0.0024830776525656584,2.21375387928743,2.21375387928743,2.302585092994046
Female,5.103473992603931,0.0024005894609199926,2.21375387928743,2.21375387928743,2.302585092994046
Female,5.115393794798644,0.0023349288780414013,2.21375387928743,2.21375387928743,2.302585092994046
Female,5.127313596993357,0.002285184855303573,2.21375387928743,2.21375387928743,2.302585092994046
Female,5.139233399188071,0.002248797110173984,2.21375387928743,2.21375387928743,2.302585092994046
Female,5.151153201382784,0.002222482399928093,2.21375387928743,2.21375387928743,2.302585092994046
Female,5.163073003577498,0.0022030544587166782,2.21375387928743,2.21375387928743,2.302585092994046
Female,5.174992805772211,0.002187946655055377,2.21375387928743,2.21375387928743,2.302585092994046
Female,5.186912607966924,0.0021753542825013357,2.21375387928743,2.21375387928743,2.302585092994046
Female,5.198832410161638,0.002164029684237277,2.21375387928743,2.21375387928743,2.302585092994046
Female,5.210752212356351,0.002152857756670911,2.21375387928743,2.21375387928743,2.302585092994046
Female,5.2226720145510654,0.0021403906148834673,2.21375387928743,2.21375387928743,2.302585092994046
Female,5.234591816745779,0.002124519796124695,2.21375387928743,2.21375387928743,2.302585092994046
Female,5.246511618940492,0.0021024165003466905,2.21375387928743,2.21375387928743,2.302585092994046
Female,5.258431421135206,0.002070789602339681,2.21375387928743,2.21375387928743,2.302585092994046
Female,5.270351223329919,0.0020264187360582823,2.21375387928743,2.21375387928743,2.302585092994046
Female,5.282271025524633,0.001966838872582634,2.21375387928743,2.21375387928743,2.302585092994046
Female,5.294190827719346,0.0018910037312865184,2.21375387928743,2.21375387928743,2.302585092994046
Female,5.306110629914059,0.0017997506790051246,2.21375387928743,2.21375387928743,2.302585092994046
Female,5.318030432108773,0.001695931132621755,2.21375387928743,2.21375387928743,2.302585092994046
Female,5.329950234303486,0.0015841477401499929,2.21375387928743,2.21375387928743,2.302585092994046
Female,5.3418700364982,0.0014701331232924453,2.21375387928743,2.21375387928743,2.302585092994046
Female,5.353789838692913,0.001359890701834671,2.21375387928743,2.21375387928743,2.302585092994046
Female,5.365709640887626,0.001258774307837377,2.21375387928743,2.21375387928743,2.302585092994046
Female,5.37762944308234,0.0011706964126260487,2.21375387928743,2.21375387928743,2.302585092994046
Female,5.3895492452770535,0.0010976230339416553,2.21375387928743,2.21375387928743,2.302585092994046
Female,5.4014690474717675,0.0010394465569893536,2.21375387928743,2.21375387928743,2.302585092994046
Female,5.413388849666481,0.0009942437006220184,2.21375387928743,2.21375387928743,2.302585092994046
Female,5.425308651861195,0.0009588452989581037,2.21375387928743,2.21375387928743,2.302585092994046
Female,5.437228454055908,0.0009295852908885404,2.21375387928743,2.21375387928743,2.302585092994046
Female,5.449148256250621,0.0009030694554140662,2.21375387928743,2.21375387928743,2.302585092994046
